model_name,enabled,oof_ic,oof_rmse,n_samples,target_mean,target_std
rebalance_model,True,0.9914650108238309,0.012855054621118576,12335,-0.018408172454630497,0.08516872631338163
