model_name,enabled,oof_ic,oof_rmse,n_samples,target_mean,target_std
trade_quality_model,True,0.0732386836740995,0.10481257459401253,12335,-0.019413232758385027,0.10381079026547844
