model_name,enabled,oof_ic,oof_rmse,n_samples,target_mean,target_std
rebalance_model,True,0.242217576214624,0.1042964769138553,12335,-0.06314456857207401,0.10702081790898077
