model_name,enabled,oof_ic,oof_rmse,n_samples,target_mean,target_std
trade_quality_model,True,0.15929971071789753,0.10487019234734556,12335,-0.04816629193955218,0.10501752892514676
