poche,valeur_initiale,valeur_finale,performance_totale,cagr,volatilite_annualisee,max_drawdown,poids_final_dans_portefeuille
Portefeuille,50000.0,79278.23082808492,0.5855646165616986,0.06509103380944725,0.17854525146249697,-0.3967702571489653,1.0
Core,24997.87106704712,45878.03066253662,0.8352775138125383,0.08661691191478926,0.40860577937874887,-0.4277731410448352,0.5786964489914421
Monétaire,14994.152893543243,25217.19997024536,0.681802243133345,0.07371192136142546,0.3251236488299932,-0.3807913874909411,0.31808479713591153
Opportuniste,9987.149920463562,8124.927257537842,-0.1864618712802184,-0.027837202098791813,82.33024296591259,-1.0,0.10248623326568387
