indicateur,valeur
Turnover total,2.278084686223663
Turnover moyen quotidien,0.0012367452151051373
Turnover moyen sur jours de rebalance,0.0785546443525401
Turnover journalier maximum,0.3025253389492312
Coûts totaux payés,506.7354542946816
Coût moyen par jour,0.2751006809417381
Coût journalier maximum,65.73663242959977
