annee,performance_portefeuille,performance_benchmark,performance_active,performance_core,performance_monetaire,performance_opportuniste
2018,,,,,,
2019,0.20578180586765082,0.34148603253250087,-0.13570422666485005,0.5508041973864275,0.392994921860113,-0.9317385620007094
2020,-0.03069181520539599,0.051637251624274905,-0.0823290668296709,-0.1840554841098968,-0.15029415284111203,12.304030592598194
2021,0.22497845983191866,0.3775437276813576,-0.1525652678494389,0.1106397765963405,0.13176671937663453,0.5946757588796272
2022,-0.1836197850082476,-0.13051102149672278,-0.053108763511524826,-0.028564210897862097,-0.06871230024223074,-0.6121420245640719
2023,0.01875739470627269,0.14890497417775217,-0.13014757947147948,0.02712915227878332,0.037939167299129384,-0.10177544117504367
2024,0.09008255005541321,0.029459570642536903,0.06062297941287631,-0.0450587377818652,0.1071557250092221,0.9903994540645027
2025,0.1372791742513162,0.03965600672716607,0.09762316752415012,0.33405503620775967,0.012629971213300006,-0.2626796148092283
2026,0.00900075192785299,-0.07312310723089821,0.0821238591587512,-0.042855500256988366,0.10122031570730572,0.05118144809539116
